"variable","pearson_r","pearson_p","spearman_r","spearman_p","kendall_r","kendall_p","n"
"cpu_percent",0.277076648730934,9.09873596813581e-08,0.489264259864796,4.57587590276093e-23,0.298470438171343,3.74376931131691e-17,360
"memory_usage_mb",0.346049679886399,1.45059403661562e-11,0.130602885320126,0.0131371835988907,0.0927416116134615,0.00895542575767246,360
